link,name
海上骑士,http://www.6vhao.net/dy1/2016-11-05/30683.html
光杆司令,http://www.6vhao.net/dy1/2016-11-03/30673.html
我的朝圣之旅,http://www.6vhao.net/dy1/2016-10-30/30659.html
互换青春,http://www.6vhao.net/dy1/2016-10-29/30646.html
雨中曲[高清],http://www.6vhao.net/dy1/2012-07-23/19388.html
追凶者也,http://www.6vhao.net/dy1/2016-10-26/30625.html
九条命,http://www.6vhao.net/dy1/2016-10-19/30587.html
坏妈妈,http://www.6vhao.net/dy1/2016-10-21/30591.html
情况不妙,http://www.6vhao.net/dy1/2016-10-20/30588.html
神奇队长,http://www.6vhao.net/dy1/2016-10-14/30557.html
大话西游3,http://www.6vhao.net/dy1/2016-10-16/30570.html
遗愿清单[高清],http://www.6vhao.net/dy1/2012-05-17/18746.html
牛仔裤的夏天,http://www.6vhao.net/dy1/2016-10-14/30561.html
飞越未来[高清],http://www.6vhao.net/dy1/2012-08-13/19524.html
海底总动员2[左右3D版],http://www.6vhao.net/3d/2016-11-01/30670.html
冰川时代5[左右3D版],http://www.6vhao.net/3d/2016-11-01/30669.html
美国队长3：内战[左右3D版],http://www.6vhao.net/3d/2016-09-06/30295.html
奇幻森林[左右3D版],http://www.6vhao.net/3d/2016-08-19/30218.html
犯罪活动[左右3D版],http://www.6vhao.net/3d/2016-08-19/30217.html
女孩们的周末[左右3D版],http://www.6vhao.net/3d/2016-08-08/30174.html
猎神：冬日之战[左右3D版],http://www.6vhao.net/3d/2016-08-08/30173.html
愤怒的小鸟大电影[左右3D版],http://www.6vhao.net/3d/2016-08-01/30148.html
Hello树先生[高清],http://www.6vhao.net/dy1/2012-01-07/17428.html
火锅英雄,http://www.6vhao.net/dy1/2016-05-04/29585.html
检察官外传,http://www.6vhao.net/dy1/2016-03-20/JianChaGuanWaiZhuan.html
殿下、这是利息,http://www.6vhao.net/dy1/2016-10-06/30500.html
网聘女伴,http://www.6vhao.net/dy1/2016-09-30/30462.html
魔法保姆麦克菲2,http://www.6vhao.net/dy1/2016-09-27/30455.html
情迷六月花,http://www.6vhao.net/jddy/2016-11-07/30697.html
白昼之雨,http://www.6vhao.net/jddy/2016-11-06/30696.html
春梦/三人行,http://www.6vhao.net/jddy/2016-11-06/30695.html
监狱疯云,http://www.6vhao.net/jddy/2016-11-06/30694.html
整垮前女友,http://www.6vhao.net/dlz/2016-10-25/30622.html
必胜练习生,http://www.6vhao.net/dlz/2016-09-13/30343.html
来自喵喵星的你,http://www.6vhao.net/dlz/2016-10-18/30580.html
爱·回家之八时入席,http://www.6vhao.net/dlz/2016-04-05/29413.html
灵魂摆渡[第三季],http://www.6vhao.net/dlz/2016-11-06/30692.html
幕后玩家,http://www.6vhao.net/dlz/2016-10-25/30615.html
基努猫[左右3D版],http://www.6vhao.net/3d/2016-08-01/30147.html
撒迦利亚[左右3D版],http://www.6vhao.net/3d/2016-07-28/30129.html
功夫熊猫3[左右3D版],http://www.6vhao.net/3d/2016-06-30/29944.html
蝙蝠侠大战超人：正义黎明[左右3D版],http://www.6vhao.net/3d/2016-07-08/30005.html
美人鱼[左右3D版],http://www.6vhao.net/3d/2016-05-29/29736.html
怒海救援[左右3D版],http://www.6vhao.net/3d/2016-05-29/29735.html
疯狂动物城[左右3D版],http://www.6vhao.net/3d/2016-05-29/29734.html
神战：权力之眼[[左右3D版],http://www.6vhao.net/3d/2016-05-21/29680.html
九层妖塔[左右3D版],http://www.6vhao.net/3d/2015-11-15/28577.html
绝对控制,http://www.6vhao.net/jddy/2016-11-06/30691.html
胡丽叶塔,http://www.6vhao.net/jddy/2016-11-05/30688.html
屋中美人,http://www.6vhao.net/jddy/2016-11-05/30687.html
网,http://www.6vhao.net/jddy/2016-11-05/30686.html
爱的钟声,http://www.6vhao.net/jddy/2016-11-05/30681.html
暗色天堂,http://www.6vhao.net/jddy/2016-11-04/30676.html
小姐,http://www.6vhao.net/jddy/2016-07-27/30128.html
阴影之下,http://www.6vhao.net/jddy/2016-10-31/30666.html
绝对统治,http://www.6vhao.net/jddy/2016-10-23/30607.html
本小姐乃白鸟丽子电影版,http://www.6vhao.net/jddy/2016-10-29/30648.html
无限春光27,http://www.6vhao.net/jddy/2016-10-30/30662.html
Scanner 读取记忆碎片的男人,http://www.6vhao.net/jddy/2016-10-30/30658.html
愤怒/青春躁郁,http://www.6vhao.net/jddy/2016-10-29/30647.html
钢的琴[高清],http://www.6vhao.net/jddy/2011-08-10/15739.html
类人猿行动,http://www.6vhao.net/jddy/2016-10-21/30595.html
如果蜗牛有爱情,http://www.6vhao.net/dlz/2016-10-25/30621.html
兰陵王妃,http://www.6vhao.net/dlz/2016-10-21/30593.html
欢喜密探,http://www.6vhao.net/dlz/2016-10-26/30631.html
幻城,http://www.6vhao.net/dlz/2016-07-25/30112.html
三一如三,http://www.6vhao.net/dlz/2016-09-08/30313.html
甘味人生,http://www.6vhao.net/dlz/2015-07-29/27870.html
狼王子,http://www.6vhao.net/dlz/2016-07-04/29980.html
巾帼枭雄之谍血长天,http://www.6vhao.net/dlz/2016-10-10/30524.html
飞鱼高校生,http://www.6vhao.net/dlz/2016-09-13/30342.html
荼蘼,http://www.6vhao.net/dlz/2016-10-10/30523.html
青云志,http://www.6vhao.net/dlz/2016-08-23/30223.html
美人为馅[全集],http://www.6vhao.net/dlz/2016-10-27/30637.html
卧虎[全集],http://www.6vhao.net/dlz/2016-10-28/30643.html
好家伙,http://www.6vhao.net/dlz/2016-10-05/30489.html
少年师爷之大禹宝藏,http://www.6vhao.net/dy4/2016-11-02/30671.html
名侦探柯南：纯黑的噩梦,http://www.6vhao.net/dy4/2016-08-26/30238.html
和谐,http://www.6vhao.net/dy4/2016-10-31/30665.html
蝙蝠侠：披风斗士归来,http://www.6vhao.net/dy4/2016-10-27/30635.html
海底总动员2：多莉去哪儿,http://www.6vhao.net/dy4/2016-06-18/HDZDY2DLQNE.html
神兽金刚之青龙再现,http://www.6vhao.net/dy4/2016-10-25/30616.html
香肠派对,http://www.6vhao.net/dy4/2016-10-21/30597.html
冰川时代5：星际碰撞,http://www.6vhao.net/dy4/2016-08-30/30259.html
樱桃小丸子：来自意大利的少年,http://www.6vhao.net/dy4/2016-08-28/30247.html
麦兜·饭宝奇兵,http://www.6vhao.net/dy4/2016-10-19/30584.html
周华健：今天唱什么世界巡回演唱会-台北场,http://www.6vhao.net/zy/2016-11-04/30680.html
第68届艾美奖颁奖典礼,http://www.6vhao.net/zy/2016-10-11/30540.html
江蕙.祝福演唱会,http://www.6vhao.net/zy/2016-10-07/30506.html
2016芭莎明星慈善夜,http://www.6vhao.net/zy/2016-10-05/30482.html
最忆是杭州文艺演出,http://www.6vhao.net/zy/2016-09-05/30292.html
张智霖疯狂有时演唱会上海站,http://www.6vhao.net/zy/2016-09-04/30286.html
2016年里约夏季奥运会开幕式,http://www.6vhao.net/zy/2016-08-08/30171.html
2016法国欧洲杯合集,http://www.6vhao.net/zy/2016-06-20/29878.html
Come On许志安演唱会2015,http://www.6vhao.net/zy/2016-06-05/29796.html
2016美国公告牌音乐大奖,http://www.6vhao.net/zy/2016-05-29/29737.html
西游记之孙悟空三打白骨精[左右3D版],http://www.6vhao.net/3d/2016-04-19/29497.html
冬荫功2[左右3D版],http://www.6vhao.net/3d/2016-04-15/29474.html
饥饿游戏3：嘲笑鸟(下)[左右3D版],http://www.6vhao.net/3d/2016-03-22/29336.html
福尔摩斯：演绎法-[第五季05],http://www.6vhao.net/mj/2016-10-03/30474.html
真实的人类[第二季02],http://www.6vhao.net/mj/2016-10-31/30667.html
西部世界[第一季06],http://www.6vhao.net/mj/2016-10-03/30473.html
行尸走肉[第七季03],http://www.6vhao.net/mj/2016-10-24/30614.html
实习医生格蕾[第十三季07],http://www.6vhao.net/mj/2016-09-26/30438.html
王冠[第一季02],http://www.6vhao.net/mj/2016-11-05/30689.html
神秘学校[第一季04],http://www.6vhao.net/mj/2016-10-24/30609.html
开膛街[第五季03],http://www.6vhao.net/mj/2016-11-02/30672.html
驱魔人[第一季06],http://www.6vhao.net/mj/2016-09-25/30435.html
新百战天龙[第一季07],http://www.6vhao.net/mj/2016-09-24/30430.html
3月的狮子,http://www.6vhao.net/rj/2016-10-09/30521.html
IQ246～华丽事件簿～,http://www.6vhao.net/rj/2016-10-17/30579.html
狱中花[全集],http://www.6vhao.net/rj/2016-05-02/29569.html
THE.LAST.COP,http://www.6vhao.net/rj/2016-10-09/30520.html
sniffer~嗅觉搜查官,http://www.6vhao.net/rj/2016-10-24/30611.html
大唐玄奘,http://www.6vhao.net/jddy/2016-06-23/29900.html
火影忍者剧场版：博人传,http://www.6vhao.net/dy4/2016-03-22/29343.html
爵迹,http://www.6vhao.net/dy4/2016-10-16/30573.html
侧耳倾听,http://www.6vhao.net/dy4/2016-10-10/30526.html
彩虹小马：小马国女孩之友谊大赛,http://www.6vhao.net/dy4/2016-10-09/30516.html
月光宫殿,http://www.6vhao.net/dy4/2016-10-08/30512.html
你的名字,http://www.6vhao.net/dy4/2016-10-08/30511.html
诺亚方舟漂流记,http://www.6vhao.net/dy4/2015-09-20/28193.html
天鹅公主：明日公主今日海盗,http://www.6vhao.net/dy4/2016-10-04/30476.html
大鱼海棠,http://www.6vhao.net/dy4/2016-09-30/30464.html
画江湖之灵主[全集],http://www.6vhao.net/dy4/2016-09-26/30437.html
历届奥斯卡最佳影片合集,http://www.6vhao.net/zy/2016-05-22/29683.html
2016年欧洲歌唱大赛,http://www.6vhao.net/zy/2016-05-20/29677.html
周杰伦：魔天伦世界巡回演唱会,http://www.6vhao.net/zy/2016-05-11/ZhouJieLun.html
张杰洛杉矶演唱会,http://www.6vhao.net/zy/2016-05-11/29625.html
英皇娱乐15周年群星演唱会,http://www.6vhao.net/zy/2016-05-07/29604.html
德云社20周年庆典,http://www.6vhao.net/zy/2016-04-20/29502.html
2016岳云鹏“岳来越好”天津专场,http://www.6vhao.net/zy/2016-04-13/YueYunPeng.html
2016亚洲风尚大典,http://www.6vhao.net/zy/2016-03-17/29305.html
2016年央视315晚会,http://www.6vhao.net/zy/2016-03-17/29300.html
中国抗日战争暨世界反法西斯战争胜利70周年阅兵,http://www.6vhao.net/zy/2015-09-04/28074.html
圆梦巨人,http://www.6vhao.net/dy6/2016-10-26/30629.html
星际迷航3：超越星辰,http://www.6vhao.net/dy6/2016-09-30/30463.html
太阳,http://www.6vhao.net/dy6/2016-10-11/30536.html
独立日2,http://www.6vhao.net/dy6/2016-07-29/30135.html
爱丽丝梦游仙境2：镜中奇遇记,http://www.6vhao.net/dy6/2016-09-20/30386.html
蝙蝠侠大战超人：正义黎明,http://www.6vhao.net/dy6/2016-04-27/29548.html
美国队长3：内战,http://www.6vhao.net/dy6/2016-05-12/29634.html
肯恩医生[第二季06],http://www.6vhao.net/mj/2016-09-25/30432.html
天堂执法者[第七季07],http://www.6vhao.net/mj/2016-09-25/30434.html
识骨寻踪[第十一季22],http://www.6vhao.net/mj/2015-10-05/28316.html
僵尸国度[第三季08],http://www.6vhao.net/mj/2016-09-18/30368.html
吸血鬼日记[第八季03],http://www.6vhao.net/mj/2016-10-22/30604.html
天才[第一季02],http://www.6vhao.net/mj/2016-10-29/30645.html
室内奇兵[第一季02],http://www.6vhao.net/mj/2016-10-28/30640.html
黑色警报[第二季05],http://www.6vhao.net/mj/2016-09-30/30466.html
昭雪[第四季03],http://www.6vhao.net/mj/2016-10-28/30642.html
明日传奇[第二季04],http://www.6vhao.net/mj/2016-10-14/30564.html
月桂西装店的绅士们,http://www.6vhao.net/rj/2016-08-28/30243.html
Career～打破常规的警察署长～,http://www.6vhao.net/rj/2016-10-12/30544.html
该隐与亚伯,http://www.6vhao.net/rj/2016-10-19/30585.html
老婆这周要出墙,http://www.6vhao.net/rj/2016-10-31/30664.html
THE K2,http://www.6vhao.net/rj/2016-09-24/30425.html
明星伙伴韩剧,http://www.6vhao.net/rj/2016-11-06/30693.html
砂之塔~知之甚多的邻居,http://www.6vhao.net/rj/2016-10-17/30576.html
我们甲顺,http://www.6vhao.net/rj/2016-08-28/30244.html
相棒15,http://www.6vhao.net/rj/2016-10-14/30558.html
文豪野犬,http://www.6vhao.net/rj/2016-10-06/30497.html
勇者义彦与被引导的七人,http://www.6vhao.net/rj/2016-10-08/30513.html
爱情来了,http://www.6vhao.net/rj/2016-06-21/29882.html
女人的秘密,http://www.6vhao.net/rj/2016-06-29/29935.html
Chef～三星校餐～,http://www.6vhao.net/rj/2016-10-14/30560.html
你是礼物,http://www.6vhao.net/rj/2016-06-14/29842.html
我的战争,http://www.6vhao.net/zzp/2016-10-20/30589.html
美丽人生[高清],http://www.6vhao.net/zzp/2011-10-05/16322.html
信任,http://www.6vhao.net/zzp/2016-04-13/XinRen.html
最长的一日[高清],http://www.6vhao.net/zzp/2012-12-27/20809.html
仁川登陆作战,http://www.6vhao.net/zzp/2016-09-09/30323.html
地雷区,http://www.6vhao.net/zzp/2016-04-10/29442.html
敢死营/女团,http://www.6vhao.net/zzp/2016-08-16/30202.html
勇敢的心[高清],http://www.6vhao.net/zzp/2011-10-07/16359.html
英雄连[高清],http://www.6vhao.net/zzp/2013-02-22/21305.html
全金属外壳[高清],http://www.6vhao.net/zzp/2011-10-08/16370.html
哈迪塞镇之战,http://www.6vhao.net/zzp/2016-06-28/29926.html
诺曼·李尔：只是另一个你,http://www.6vhao.net/jlp/2016-11-05/30685.html
零日,http://www.6vhao.net/jlp/2016-11-04/30678.html
秦始皇陵的惊天秘密,http://www.6vhao.net/jlp/2016-10-25/30620.html
被挠,http://www.6vhao.net/jlp/2016-10-25/30619.html
阿曼达·诺克斯,http://www.6vhao.net/jlp/2016-10-21/30594.html
食物的选择,http://www.6vhao.net/jlp/2016-10-08/30509.html
本草中国/老药工,http://www.6vhao.net/jlp/2016-09-26/30436.html
高山上的夏尔巴人,http://www.6vhao.net/jlp/2016-09-04/30283.html
直击弯心,http://www.6vhao.net/jlp/2016-08-17/30207.html
旋风九日,http://www.6vhao.net/jlp/2016-07-20/30073.html
潜往不可知之地,http://www.6vhao.net/jlp/2016-07-10/30016.html
从秦始皇到汉武帝,http://www.6vhao.net/jlp/2016-06-27/29924.html
帝陵：西汉帝陵,http://www.6vhao.net/jlp/2016-06-27/29923.html
死亡占卜2：恶灵始源,http://www.6vhao.net/dy5/2016-11-05/30682.html
毛骨悚然,http://www.6vhao.net/dy5/2016-11-04/30679.html
纹身室2015,http://www.6vhao.net/dy5/2016-11-04/30677.html
魔宫魅影,http://www.6vhao.net/dy5/2016-05-22/29693.html
诡梦凶铃,http://www.6vhao.net/dy5/2016-10-24/30612.html
屏住呼吸,http://www.6vhao.net/dy5/2016-10-16/30574.html
夜半哭声,http://www.6vhao.net/dy5/2016-10-14/30556.html
关灯后,http://www.6vhao.net/dy5/2016-10-06/30501.html
绿色地狱,http://www.6vhao.net/dy5/2016-10-12/30546.html
西部世界[高清],http://www.6vhao.net/dy2/2013-09-02/22687.html
绝路反击/公牛,http://www.6vhao.net/dy2/2016-11-05/30690.html
顽石之拳,http://www.6vhao.net/dy2/2016-11-05/30684.html
谍影重重5,http://www.6vhao.net/dy2/2016-08-26/30240.html
王牌逗王牌,http://www.6vhao.net/dy2/2016-11-03/30675.html
青蛇[高清],http://www.6vhao.net/dy2/2013-10-18/23060.html
搏击之王,http://www.6vhao.net/dy2/2016-09-04/30284.html
阿修罗,http://www.6vhao.net/dy2/2016-10-28/30639.html
流氓督察2,http://www.6vhao.net/dy2/2016-10-30/30663.html
六弄咖啡馆,http://www.6vhao.net/dy3/2016-11-03/30674.html
燃情岁月[高清],http://www.6vhao.net/dy3/2011-02-08/14054.html
你还记得我吗?,http://www.6vhao.net/dy3/2016-10-30/30660.html
七月与安生,http://www.6vhao.net/dy3/2016-10-28/30644.html
纯情,http://www.6vhao.net/dy3/2016-04-04/29409.html
曾经[高清],http://www.6vhao.net/dy3/2012-09-26/19922.html
看见我和你,http://www.6vhao.net/dy3/2016-10-14/30563.html
偷月情,http://www.6vhao.net/dy3/2016-10-12/30545.html
低碳爱情,http://www.6vhao.net/dy3/2016-10-10/30525.html
魔兽,http://www.6vhao.net/dy6/2016-06-18/29861.html
X战警：天启,http://www.6vhao.net/dy6/2016-06-04/29785.html
封神传奇,http://www.6vhao.net/dy6/2016-09-07/30307.html
火星异种,http://www.6vhao.net/dy6/2016-08-13/30195.html
疾速天使,http://www.6vhao.net/dy6/2016-09-02/30270.html
月之暗面,http://www.6vhao.net/dy6/2016-08-13/30196.html
余烬,http://www.6vhao.net/dy6/2016-08-05/30160.html
一路向南,http://www.6vhao.net/dy6/2016-03-16/29287.html
猎神：冬日之战,http://www.6vhao.net/dy6/2016-05-09/LieShenDongRiZhiZhan.html
验收测试,http://www.6vhao.net/dy6/2016-08-07/30169.html
艾克斯奥特曼 剧场版：来了！我们的奥特曼,http://www.6vhao.net/dy6/2016-08-07/30165.html
登入火星,http://www.6vhao.net/dy6/2016-06-04/29788.html
超脑48小时,http://www.6vhao.net/dy6/2016-05-17/ChaoNao48XiaoShi.html
第九突击队[高清],http://www.6vhao.net/zzp/2012-04-15/18443.html
我们曾经是战士[高清],http://www.6vhao.net/zzp/2012-08-14/19536.html
天空之眼,http://www.6vhao.net/zzp/2016-06-13/29830.html
解放,http://www.6vhao.net/zzp/2016-06-12/29828.html
烈日长虹,http://www.6vhao.net/zzp/2016-05-13/29635.html
特洛伊/木马屠城[高清],http://www.6vhao.net/zzp/2012-01-31/17697.html
八月八日[高清],http://www.6vhao.net/zzp/2012-04-06/18362.html
血战阿拉曼[国语],http://www.6vhao.net/zzp/2016-05-05/29587.html
自行车,http://www.6vhao.net/zzp/2016-05-01/ZiXingChe.html
真实的凡尔赛,http://www.6vhao.net/jlp/2016-06-17/29856.html
我是拳王阿里,http://www.6vhao.net/jlp/2016-06-07/WoShiQuanWangALi.html
接着侵略哪儿,http://www.6vhao.net/jlp/2016-06-03/29776.html
万物一体,http://www.6vhao.net/jlp/2016-05-19/29670.html
地平线系列：太阳系的海洋,http://www.6vhao.net/jlp/2016-05-07/DPXXLTYXDHY.html
珍珠纽扣,http://www.6vhao.net/jlp/2016-05-05/29591.html
地平线系列：被黑洞吞噬,http://www.6vhao.net/jlp/2016-04-09/DPXXLBHDTS.html
玩命剧组之主播惊魂,http://www.6vhao.net/dy5/2016-10-12/30541.html
毒虫,http://www.6vhao.net/dy5/2016-09-19/DuChong.html
哭声,http://www.6vhao.net/dy5/2016-06-25/KuSheng.html
诡新娘,http://www.6vhao.net/dy5/2016-09-27/30449.html
米兰达街6号,http://www.6vhao.net/dy5/2016-09-26/30444.html
张震讲故事之合租屋,http://www.6vhao.net/dy5/2016-09-23/30422.html
经典僵尸电影20部,http://www.6vhao.net/dy5/2016-09-22/30403.html
七月半2：前世今生,http://www.6vhao.net/dy5/2016-09-20/30384.html
夏令营,http://www.6vhao.net/dy5/2016-09-18/30373.html
丧尸全城,http://www.6vhao.net/dy5/2016-09-17/30363.html
残屋尸骸,http://www.6vhao.net/dy5/2016-09-16/30359.html
使徒行者,http://www.6vhao.net/dy2/2016-08-26/30237.html
忍者神龟2：破影而出[国语],http://www.6vhao.net/dy2/2016-10-27/30634.html
魔兽[国语高清],http://www.6vhao.net/dy2/2016-10-27/30633.html
血战铜锣湾2,http://www.6vhao.net/dy2/2016-10-26/30627.html
狗咬狗,http://www.6vhao.net/dy2/2016-10-25/30617.html
印第安纳波利斯号：勇者无惧,http://www.6vhao.net/dy2/2016-10-22/30602.html
密探,http://www.6vhao.net/dy2/2016-10-21/30596.html
绝地逃亡,http://www.6vhao.net/dy2/2016-08-17/30206.html
寒战2,http://www.6vhao.net/dy2/2016-08-17/30205.html
机组乘务员2016,http://www.6vhao.net/dy2/2016-07-20/30074.html
第三集中营/大逃亡[高清],http://www.6vhao.net/dy2/2013-08-29/22644.html
条条大道通罗马,http://www.6vhao.net/dy3/2016-10-09/30518.html
爱在星空下,http://www.6vhao.net/dy3/2016-10-07/30503.html
所爱非人,http://www.6vhao.net/dy3/2016-10-06/30502.html
恋人们,http://www.6vhao.net/dy3/2016-09-16/30354.html
我最好朋友的婚礼,http://www.6vhao.net/dy3/2016-09-29/30459.html
第二次爱你,http://www.6vhao.net/dy3/2015-04-05/27074.html
花牌情缘 -上之句,http://www.6vhao.net/dy3/2016-09-21/30389.html
微微一笑很倾城,http://www.6vhao.net/dy3/2016-09-19/30378.html
格尔尼卡,http://www.6vhao.net/dy3/2016-09-18/30372.html
爱情与友谊,http://www.6vhao.net/dy3/2016-09-16/30356.html
那件疯狂的小事叫爱情,http://www.6vhao.net/dy3/2016-09-12/30338.html
